distance_from_school (km),haversine_distance (km),latitudes,longitudes,names,price_levels,ratings,total_user_ratings,walking duration (hour),walking duration (mins)
1.7,1.2694993514274566,34.135017100000006,-118.0489758,The Cheesecake Factory,2.0,4.3,1261,,22.0
2.4,1.7211516832350755,34.1397016,-118.0223223,BJ's Restaurant & Brewhouse,2.0,4.3,1054,,30.0
0.8,0.6488176863478061,34.129870200000006,-118.0296544,May's Cafe,1.0,4.4,48,,10.0
2.0,1.5007688519458509,34.1402563,-118.0263825,Matt Denny's Ale House Restaurant,2.0,4.3,413,,26.0
2.3,1.3120378548548028,34.1415226,-118.03839920000001,The Original Peppers Mexican Grill & Cantina,2.0,4.3,375,,29.0
2.3,1.7180302936447545,34.140353000000005,-118.02306100000001,Souplantation,1.0,4.3,1429,,30.0
1.2,0.9733077202448996,34.1348276,-118.0280407,Bento-ya Restaurant,1.0,4.2,144,,16.0
2.4,1.754959739483456,34.139708,-118.021854,Olive Garden Italian Restaurant,2.0,4.2,1676,,31.0
1.0,0.8845025340005225,34.129969,-118.02709540000001,Taco Lita,1.0,4.5,605,,12.0
0.6,0.4777585154494149,34.1301612,-118.0315301,El Pollo Loco,1.0,4.2,264,,7.0
2.2,1.7969870508488652,34.145321,-118.03123500000001,In-N-Out Burger,1.0,4.6,2381,,28.0
1.6,1.2952064257593578,34.140221200000006,-118.03039960000001,Chengdu Impression,2.0,4.6,109,,21.0
1.9,1.521824583203912,34.1347554,-118.0521186,EMC Seafood & Raw Bar,,4.3,148,,24.0
1.9,1.5178856591081251,34.1428777,-118.03194690000001,Villa Catrina,2.0,4.4,498,,24.0
2.2,1.5203151960330221,34.1351084,-118.05192859999998,Din Tai Fung,2.0,4.5,1413,,28.0
1.7,1.313022056691845,34.1349665,-118.0495348,Benihana,3.0,4.2,601,,22.0
1.6,1.4989736303924008,34.1331534,-118.052479,Red Robin Gourmet Burgers and Brews,2.0,4.2,535,,21.0
2.7,1.9734422341734448,34.139736,-118.01893100000001,Red Lobster,2.0,4.2,1170,,34.0
2.0,1.669273583385486,34.1274176,-118.05460719999999,Jazz Cat Restaurant,2.0,4.4,219,,25.0
2.5,1.940977550714567,34.123019,-118.05613000000001,Moffett's Family Restaurant & Chicken Pie Shoppe,1.0,4.5,304,,32.0
1.9,1.570167584094279,34.1433182,-118.0317443,Natural Selection,,4.5,88,,24.0
2.0,1.5870392445104031,34.126984,-118.0536043,Sinbala,1.0,4.3,371,,25.0
1.7,1.2512437876769664,34.134962,-118.048787,Wood Ranch BBQ & Grill,2.0,4.4,615,,21.0
2.2,1.6224982675429651,34.139726,-118.023774,Sesame Grill,2.0,4.2,169,,28.0
2.8,2.0874831630177884,34.139958,-118.017624,Claim Jumper Restaurants,2.0,4.1,1360,,35.0
1.7,1.5801916561344822,34.13370889999999,-118.05321140000001,Meizhou Dongpo Restaurant 眉州东坡,,4.1,333,,23.0
2.1,1.6425984693385018,34.127269899999995,-118.0542834,Din Tai Fung,2.0,4.6,540,,26.0
2.6,2.0066484533813607,34.140415999999995,-118.019066,Pieology Pizzeria,1.0,4.4,393,,34.0
3.4,2.6557492198748567,34.14051990000001,-118.0109136,Le Roy's,1.0,4.4,1002,,43.0
3.3,2.567436768725053,34.1508086,-118.02511059999999,Paco's Mexican Restaurant,2.0,4.3,557,,43.0
3.3,2.4003691043752573,34.1393225,-118.01329340000001,Rubio's Coastal Grill,1.0,4.5,148,,41.0
1.2,1.0382472527548376,34.130698100000004,-118.02547450000002,Carl's Jr.,1.0,3.7,354,,15.0
1.9,1.7220544880486852,34.13185989999999,-118.0181588,Luscious Dumplings,1.0,4.4,136,,24.0
4.2,2.8813295965952768,34.1094818,-118.0172882,Cabrera's Mexican Restaurant,2.0,4.5,412,,51.0
1.7,1.551234582411526,34.1333726,-118.05299679999999,HaiDiLao Hotpot,3.0,4.4,609,,22.0
2.1,1.7374838310981653,34.126599600000006,-118.05517739999999,IHOP,1.0,4.1,397,,27.0
3.3,2.4921939884597366,34.1398086,-118.01247079999999,Chipotle Mexican Grill,1.0,4.2,264,,41.0
2.3,1.8034772083501005,34.124598,-118.0552581,Young Dong Tofu,,4.0,88,,29.0
2.6,1.9885687541721235,34.14096809999999,-118.01982120000001,Baja Fresh,1.0,4.2,226,,33.0
1.9,1.6735570310394248,34.1294354,-118.05487959999999,Dumpling House,1.0,4.3,220,,24.0
1.8,1.402578606053986,34.1402189,-118.02810079999999,Bean Sprouts Inc.,2.0,4.4,96,,24.0
2.3,1.7507752230932794,34.140379100000004,-118.02260659999999,Capital Seafood,2.0,4.2,444,,30.0
2.5,1.8577214569828904,34.14062699999999,-118.0213236,Basil Thai Cooking,,4.4,73,,32.0
1.9,1.5233948633047376,34.1266241,-118.05280060000001,Chang's Garden,2.0,4.2,162,,24.0
1.7,1.3758172801682451,34.1357478,-118.0498152,Chicken Now,,4.5,43,,22.0
0.8,0.6572391036848888,34.1299325,-118.02956409999999,Omar's Pizza,,4.4,83,,10.0
1.8,1.7193089320538777,34.131825,-118.01818329999999,Macky's Noodle House,1.0,4.1,122,,23.0
2.4,1.8092897558620704,34.1404565,-118.0218402,Tokyo Wako,,4.4,307,,31.0
2.0,1.541728065443458,34.13521240000001,-118.05212809999999,The Backhouse,,4.0,57,,25.0
2.6,2.0886142955781675,34.1241912,-118.05835590000001,The Barn,,4.1,96,,32.0
4.0,3.4577988284592465,34.137934,-118.072966,President Thai Restaurant,2.0,4.5,884,,52.0
2.3,1.627347955464929,34.1395876,-118.0235501,Nirvana Indian Cuisine,2.0,4.4,218,,29.0
2.7,2.0394206883372665,34.141073299999995,-118.0192178,Oto-Oto Izakaya Japonaise,2.0,4.3,265,,35.0
2.0,1.5140684515537697,34.1270586,-118.0528136,May Mei,1.0,4.3,207,,24.0
1.0,0.7663698875196546,34.1293199,-118.0283977,Mo-Mo-Paradise,,4.3,35,,12.0
2.0,1.7301642906577228,34.1280071,-118.05537379999998,101 Noodle Express,1.0,4.1,288,,25.0
1.6,1.274563132569527,34.1403005,-118.0311307,Denny's,1.0,4.0,1114,,20.0
2.5,1.8826831245727045,34.1230232,-118.0554429,Fork Over Pork,,4.2,102,,31.0
1.7,1.3675511207500848,34.1357144,-118.04973490000002,Chipotle Mexican Grill,1.0,4.1,170,,22.0
4.1,2.9028333322755,34.1088152,-118.0179567,Lao Xi'er Noodle House,1.0,4.4,144,,50.0
0.4,0.3908271776538207,34.263962,-118.523009,Pi On Sunset,2.0,4.5,89,,5.0
0.4,0.3622659060879,34.2578841,-118.5239933,Noah's Ark Cuisine,1.0,4.4,110,,5.0
1.7,0.9830888309222156,34.2582607,-118.5354278,Golden Hunan Chinese Restaurant,2.0,4.6,245,,21.0
0.6,0.5373342141695895,34.26509,-118.52218500000001,Numero Uno Pizza,2.0,4.5,198,,8.0
0.7,0.5481300665802632,34.2651291,-118.5220392,En Joy Bowl,2.0,4.5,133,,9.0
0.5,0.4013941328927549,34.264562100000006,-118.52477920000001,Panda Express,1.0,4.2,143,,7.0
1.2,0.9770987439489256,34.26519879999999,-118.5159243,Ali Baba Persian Restaurant,2.0,4.3,186,,15.0
0.7,0.5076661099722609,34.2655341,-118.5250028,Pieology Pizzeria,1.0,4.4,162,,9.0
0.5,0.4108995091071487,34.2645595,-118.52416950000001,Del Taco,1.0,4.1,234,,7.0
0.6,0.4800900486537486,34.2652171,-118.52428700000002,Presto Pasta,1.0,4.5,390,,8.0
0.4,0.3706523422318405,34.25795069999999,-118.5235453,Socorro's Mexican Food,,4.0,214,,5.0
0.6,0.3943951024323932,34.2645183,-118.52537439999999,Carl's Jr.,1.0,3.8,208,,8.0
1.7,1.149433713423706,34.257583700000005,-118.5370622,Wendy's,1.0,4.2,504,,21.0
1.0,0.8267423364974571,34.2651005,-118.5177638,Frosty Queen,1.0,4.3,406,,12.0
0.6,0.5457813196646261,34.2646372,-118.521295,Jack in the Box,1.0,4.0,244,,8.0
0.7,0.4716579725576322,34.2651518,-118.5261272,Pick Up Stix Fresh Asian Flavors,1.0,4.1,142,,10.0
0.7,0.51539322620141,34.2655994,-118.5249043,Gatten Sushi,2.0,4.1,198,,9.0
3.2,2.49045820074712,34.27156009999999,-118.50136429999999,JeJe Mediterranean Grill - JeJe Chicken,,4.5,410,,40.0
1.6,1.0048503240946085,34.2570216,-118.5350797,Shik Do Rak Northridge,2.0,4.2,297,,19.0
1.9,1.2890947318573458,34.255146,-118.5373725,Gen Korean BBQ House,2.0,4.3,1027,,23.0
1.6,1.0135618614330812,34.2574815,-118.53543400000001,Presidente,2.0,3.9,343,,19.0
0.6,0.5340077346493985,34.265162,-118.52240479999999,Joe's Cafe,2.0,4.3,879,,9.0
0.4,0.3773017775859639,34.2638184,-118.5230098,Hong Kong Banjum By Paik's Noodle,,4.6,52,,5.0
0.4,0.4140990349791358,34.264233700000005,-118.5230697,Big Mama's & Papa's Pizzeria,2.0,4.6,127,,5.0
2.3,2.112634313688896,34.264939500000004,-118.5027643,Main Kitchen Cafe,2.0,4.5,247,,29.0
2.2,1.9906208731389323,34.257147700000004,-118.5040867,Rincome Restaurant,2.0,4.5,372,,27.0
0.7,0.6113894031312729,34.264703000000004,-118.5203586,"Amaseena Restaurant & Lounge, Inc.",,4.6,28,,9.0
3.1,2.1703091766094365,34.243732,-118.53631499999999,Kickin KAsian,2.0,4.5,860,,37.0
0.5,0.4013941328927549,34.264562100000006,-118.52477920000001,Salata,,4.6,233,,7.0
0.4,0.3827779469635429,34.25772,-118.52388400000001,Subway,1.0,4.0,99,,5.0
1.7,1.0300633007075697,34.258322,-118.53598600000001,Kusina Ni Kuya,1.0,4.1,44,,21.0
2.5,2.2055731219701142,34.2578441,-118.5015479,IHOP,1.0,4.2,754,,30.0
2.3,2.0918326857555303,34.259059,-118.50260300000001,Asahi Sushi,2.0,4.3,764,,28.0
2.4,2.1810932511341825,34.264342600000006,-118.50186570000001,Spice Up Thai Eatery,,4.6,75,,30.0
3.4,2.610308498772018,34.273629,-118.50132250000001,Furnsaj Restaurant & Bakery,1.0,4.8,551,,43.0
1.6,1.32665244686779,34.250033,-118.51948700000001,Pizzasaurus Rex,1.0,4.4,128,,19.0
0.6,0.572392490066481,34.265218700000005,-118.5217246,Flaming Lava Grill,,5.0,1,,8.0
1.7,1.0952533416410728,34.255843,-118.53542,Shogun Sushi,2.0,4.3,323,,21.0
3.4,2.3456016423574058,34.241743299999996,-118.5357374,PizzaRev,1.0,4.4,332,,40.0
2.2,1.9406275962415611,34.2572669,-118.50461200000001,Ocean Cafe & Restaurant,2.0,4.1,236,,26.0
2.3,2.07610204136536,34.26516029999999,-118.5032307,Lola's Baja Taco's,2.0,4.4,316,,28.0
3.2,2.3329976361140683,34.241791299999996,-118.5355313,Fresh Potato Factory,,4.5,156,,38.0
3.6,2.65289377200709,34.238994,-118.536474,Falafel Palace,1.0,4.5,345,,43.0
2.2,1.4185657916962378,34.2583163,-118.5403437,All American BBQ,2.0,3.9,85,,26.0
1.8,0.985301099564063,34.2588235,-118.53564750000001,McDonald's,1.0,3.7,720,,22.0
3.2,2.462027976038705,34.250025,-118.501962,In-N-Out Burger,1.0,4.6,1640,,39.0
1.6,1.2796014054659857,34.2495046,-118.52409660000001,Geronimo's,1.0,3.9,90,,19.0
3.0,2.0159951304472137,34.245669799999995,-118.5370086,Chi's Chinese Cuisine,2.0,4.5,430,,36.0
4.9,3.4503129201198734,34.241475,-118.554449,Claim Jumper Restaurants,2.0,4.2,954,,1.0
5.2,3.634241350178728,34.240736600000005,-118.5562962,Yard House,2.0,4.4,1460,,1.0
3.6,2.669043687476718,34.2386331,-118.5358682,Emle's,2.0,4.4,307,,43.0
5.2,3.615768733579797,34.2406881,-118.55599309999998,Wood Ranch,2.0,4.5,1112,,1.0
2.4,2.158903192701923,34.257748,-118.50208159999998,Chipotle Mexican Grill,1.0,4.1,310,,29.0
1.7,1.1794048840383362,34.25756129999999,-118.5373977,Chick-fil-A,1.0,4.4,618,,21.0
4.4,3.3058639553631384,34.274438700000005,-118.5573199,China King Restaurant,,4.2,36,,56.0
3.7,2.760211657376197,34.237635,-118.535478,Chili's Grill & Bar,2.0,4.2,1179,,44.0
3.8,2.9967819101837114,34.235194,-118.5347554,Sharky's Woodfired Mexican Grill,2.0,4.4,466,,46.0
1.6,1.327672276037846,34.250030200000005,-118.51946699999999,Jarocho Restaurant,,0.0,0,,19.0
2.4,2.1131153132037466,34.2638104,-118.5025104,El Pollo Loco,1.0,4.2,494,,29.0
2.6,2.3104660423046517,34.256721999999996,-118.500638,Baja Fresh,1.0,4.3,235,,31.0
0.9,0.41376261779939416,33.7052927,-117.78470520000002,The Wheel of Life,1.0,4.3,159,,11.0
1.0,0.6375138437871428,33.706109000000005,-117.787051,Burntzilla,1.0,4.6,346,,13.0
1.1,0.4577147389187351,33.7063869,-117.7836379,Chan Chan,2.0,4.3,184,,13.0
1.4,0.6595292871349872,33.70853579999999,-117.7824769,Caspian Restaurant,2.0,4.2,795,,17.0
1.0,0.4251241573271345,33.705771399999996,-117.7842124,L&L Hawaiian Barbecue,1.0,4.3,106,,12.0
0.9,0.4137428953684149,33.7052068,-117.7848054,Super Mex,1.0,4.2,274,,11.0
1.3,0.6094310874586719,33.708129,-117.78187220000001,Kaya Restaurant,,4.1,129,,16.0
0.9,0.4899732670900052,33.7055473,-117.7855463,Bruxie Original Fried Chicken & Waffle Sandwich,,4.4,681,,11.0
0.9,0.41555111956939694,33.705332299999995,-117.7846844,Oriental Seafood Noodle House,,4.2,88,,11.0
0.8,0.5461584091852734,33.704708700000005,-117.78691359999999,The Habit Burger Grill,1.0,4.5,523,,10.0
0.7,0.4156062071874648,33.7039663,-117.78575759999998,Annapoorna Indian Cuisine,2.0,4.1,499,,8.0
1.2,0.5389683865278696,33.707418700000005,-117.78262509999999,Boiling Point,2.0,4.2,562,,15.0
1.1,0.5495079821780228,33.7062196,-117.78566459999999,EMC Seafood & Raw Bar,3.0,4.2,677,,13.0
1.4,0.6828941883713702,33.7086855,-117.7829459,Buffalo Wild Wings,2.0,4.1,866,,17.0
2.2,0.8513155297851155,33.7050124,-117.77279479999999,Seoul Haus,2.0,4.2,265,,28.0
1.0,0.4272387583003097,33.705821,-117.784167,Spicy City,2.0,4.0,118,,12.0
1.0,0.5461266685028335,33.7058061,-117.7860788,Wendy's,1.0,3.9,282,,12.0
1.3,0.6021455309195782,33.708061,-117.781926,Tebo Pho & Tea,1.0,4.4,96,,16.0
1.3,0.6368379130438045,33.708057000000004,-117.78383670000001,Kang Ho Dong Baekjeong,2.0,4.3,592,,16.0
0.8,0.4303657374890946,33.704219099999996,-117.78580590000001,Lamppost Pizza,2.0,4.1,189,,9.0
2.6,1.8636317086462115,33.6881268,-117.77150630000001,A&J Restaurant,1.0,4.4,580,,33.0
3.1,1.7339913636250146,33.695837,-117.764693,Olive Oil Mediterranean Grill,1.0,4.3,247,,39.0
3.9,2.363718388209318,33.7227491,-117.78988770000001,Veggie Grill,2.0,4.3,379,,48.0
1.1,0.4614253997379927,33.7065499,-117.78327079999998,Misasa,,4.2,14,,13.0
0.9,0.4196696327096889,33.7050965,-117.78500990000002,Kitakata Ramen Ban Nai - Irvine,,4.4,118,,11.0
1.3,0.6280351072091607,33.7082775,-117.78219299999999,Chinese Sauerkraut Fish,,3.4,38,,16.0
4.2,2.4599737563186475,33.722347,-117.79367069999999,Hopdoddy Burger Bar,2.0,4.5,773,,53.0
2.4,1.7143079034030453,33.6974235,-117.79898229999999,Tasty Garden,2.0,4.0,328,,30.0
2.7,1.82250872707458,33.689877100000004,-117.76921270000001,Chong Qing Mei Wei Szechuan Restaurant,,4.2,139,,34.0
3.0,1.7213278761961188,33.69558789999999,-117.7649956,Tomikawa Sushi Bar Restaurant,2.0,4.1,395,,38.0
2.6,1.8239625399423272,33.688550299999996,-117.7714851,Taiko Japanese Restaurant,2.0,4.4,649,,33.0
2.5,1.7666428873286313,33.689251,-117.7712981,Wienerschnitzel,1.0,4.0,213,,32.0
1.1,0.4701415431673067,33.706683500000004,-117.7830928,Go Squared 2 Takoyaki & Okonomiyaki,,3.1,17,,13.0
2.5,1.807034376294464,33.6957218,-117.79921709999998,Pokeworks,2.0,4.4,228,,30.0
1.0,0.4223419592394253,33.705451000000004,-117.78464040000001,Koba Tofu Grill,2.0,4.0,109,,12.0
2.4,1.722696337754419,33.695976,-117.798353,Sam Woo Seafood Restaurant,2.0,4.0,496,,29.0
4.2,2.6283405635146813,33.7255355,-117.7886821,Chick-fil-A,1.0,4.6,877,,53.0
3.1,1.7448992853817298,33.6958914,-117.76453059999999,Tang 190,2.0,4.2,283,,39.0
3.1,1.8697305216372613,33.69642279999999,-117.7627787,Pho Ha Noi,1.0,4.1,170,,40.0
2.5,1.7223146861859588,33.690066200000004,-117.7707037,House Of Shabu Shabu,2.0,4.4,379,,31.0
2.5,1.8201419668916463,33.6889576,-117.7707781,Thai Cafe,2.0,4.2,366,,32.0
3.5,2.1430039338682025,33.712331400000004,-117.76151509999998,Doore Restaurant,2.0,4.0,148,,45.0
4.2,3.3581107255223586,33.6848296,-117.8108511,Urban Plates,2.0,4.5,755,,52.0
3.9,2.3562126589879906,33.7226401,-117.79001699999999,Pieology Pizzeria,1.0,4.4,400,,48.0
4.5,2.5108121071617338,33.722860499999996,-117.79366780000001,In-N-Out Burger,1.0,4.6,1734,,55.0
4.1,2.6284065248917377,33.724342799999995,-117.792852,Rubio's Coastal Grill,1.0,4.2,255,,51.0
2.6,1.847347748507577,33.689417999999996,-117.76948329999999,Kaju Soft Tofu Restaurant,2.0,4.1,85,,33.0
2.5,1.7153610179729195,33.690165,-117.7706675,Hometown Restaurant,,4.4,51,,31.0
2.7,1.834845063092748,33.6896899,-117.7692814,101 Noodle Express,1.0,4.1,259,,34.0
2.5,1.808706137813176,33.695663700000004,-117.799204,Taiwan Popcorn Chicken,,3.9,130,,30.0
4.7,3.040239973115244,33.7295993,-117.78713159999998,BJ's Restaurant & Brewhouse,2.0,4.2,960,,1.0
4.2,2.60539182550538,33.7242942,-117.7923527,California Pizza Kitchen at Tustin,2.0,4.2,391,,52.0
3.0,1.730529448924366,33.6957864,-117.7647644,Da Luau Hawaiian Grill,,4.3,173,,39.0
0.9,0.4338801490397115,33.7055896,-117.7846415,Heritage Plaza,,4.2,2059,,11.0
3.6,2.5010870087147223,33.7235216,-117.7714564,Chipotle Mexican Grill,1.0,4.1,256,,47.0
4.3,2.714486303712642,33.726363600000006,-117.78854340000001,Urban Plates,2.0,4.4,403,,53.0
2.7,1.8940824703825547,33.6878033,-117.7715243,Shik Do Rak Restaurant,2.0,4.2,539,,34.0
3.6,2.4045869308408365,33.7229309,-117.7725128,Jack in the Box,1.0,4.0,235,,46.0
3.5,2.178406016398364,33.7131726,-117.7616821,Beijing Restaurant 同顺居,2.0,3.9,138,,45.0
2.6,1.8023041784748488,33.6960666,-117.79935079999998,Tasty Noodle House,,4.1,165,,31.0
0.7,0.3014103232798652,34.1870726,-118.45714029999999,Lola's Chicken,2.0,4.3,376,,9.0
0.7,0.305465930494066,34.18691679999999,-118.45694650000002,Mr. Pizza,1.0,4.8,122,,9.0
1.0,0.6874728696179799,34.187524700000004,-118.4479801,Chin Garden Restaurant,,4.6,57,,12.0
1.2,0.7661734701030983,34.185121,-118.4484801,Villaggio Deli & Restaurant,1.0,4.7,120,,15.0
0.8,0.6679587484289569,34.191354499999996,-118.4483682,El Criollo Cuban Restaurant,1.0,4.5,109,,10.0
1.2,0.860779097680554,34.1870692,-118.446178,Nazca Peruvian Restaurants,2.0,4.5,196,,15.0
1.3,0.7813251518506329,34.184315399999996,-118.44909679999999,Los Tres Hermanos Restaurant Bar and Grill,2.0,4.3,524,,16.0
2.5,1.839734755689836,34.201987599999995,-118.4679057,Fresh Grill Mediterranean,,4.5,193,,33.0
1.4,0.8965045065640239,34.182982,-118.449009,Farm Table Co.,2.0,4.3,401,,17.0
0.8,0.4577666136298681,34.18687630000001,-118.4510832,Original Tommy's,1.0,4.3,457,,10.0
0.7,0.6318882383586549,34.1902297,-118.44839920000001,Yoshinoya Van Nuys,1.0,4.1,239,,8.0
0.9,0.5830444811629291,34.188128000000006,-118.44896670000001,Machu-Picchu Peruvian Restaurant,2.0,4.3,259,,11.0
0.6,0.3298667251283017,34.1870094,-118.4527905,Socorro's Restaurant,1.0,4.1,276,,8.0
1.7,1.349040192609227,34.2002848,-118.4491092,Sizzler,2.0,4.2,729,,21.0
0.2,0.2508326230360128,34.1907393,-118.4531317,Elote lady,,4.1,21,,2.0
0.9,0.6204279176196482,34.188207399999996,-118.4485328,Takatis Peruvian Restaurant,,4.2,250,,11.0
1.1,0.6957101771800742,34.1862174,-118.4485365,Puro Sabor Peruvian Restaurant,2.0,4.4,207,,14.0
0.8,0.6776826341157733,34.1936725,-118.4501136,Mariscos El Amateco,,5.0,19,,10.0
1.8,1.5331037614170002,34.2020693,-118.4490753,The Habit Burger Grill,1.0,4.5,1202,,23.0
1.4,0.8592324261514435,34.183449200000005,-118.44896979999999,Happy Dogs,2.0,4.3,104,,16.0
0.3,0.1927286967277934,34.1909243,-118.45469879999999,Jaliz Cuisine of East Africa,1.0,4.8,95,,3.0
0.8,0.4089071414885653,34.186271399999995,-118.45779640000002,Cemitas Don Adrian,,4.5,357,,10.0
1.8,1.108861373047914,34.17927529999999,-118.4545378,Bill's Burgers,1.0,4.6,497,,22.0
0.7,0.5767577093783051,34.1941274,-118.45724270000001,Marisco Las Islitas,2.0,4.0,403,,9.0
1.5,0.9598259582277382,34.1877591,-118.4654446,Sam Woo BBQ,2.0,4.4,478,,18.0
1.1,0.7472254765561943,34.1869645,-118.4475165,Golden Sky,2.0,4.3,171,,14.0
0.7,0.6134397731640903,34.1942488,-118.4579429,Lechon De Manila,,4.5,56,,9.0
2.3,1.6488387754730978,34.2002831,-118.46711909999999,Costa Grande,1.0,4.5,409,,28.0
1.0,0.8605028532288224,34.1938789,-118.44767979999999,Divas Tacos,1.0,3.9,184,,13.0
1.4,0.8709671882357256,34.1833054,-118.44897479999999,Subway,1.0,4.0,90,,17.0
1.4,1.0105597483579107,34.1864463,-118.44470590000002,Picka Rico,1.0,4.5,148,,18.0
0.2,0.25433201799097344,34.1908267,-118.45317820000001,Best Tacos de barbacoa,,0.0,0,,3.0
1.8,1.5189194065879603,34.193621,-118.4395235,Mom's Bar Be Cue House,2.0,4.5,342,,23.0
2.0,1.275433186424337,34.1826714,-118.4665351,Wendy's,1.0,4.1,916,,25.0
1.1,0.8744869371336684,34.195288,-118.44909399999999,Jack in the Box,1.0,4.1,423,,13.0
1.8,1.1842706354049597,34.1844378,-118.4666585,Oriental Kid,1.0,4.2,47,,22.0
1.6,1.0964972062439569,34.187368299999996,-118.4668686,Phở 999,1.0,4.4,870,,20.0
2.4,1.7607502532962518,34.20160070000001,-118.4671197,Kebab Halebi,2.0,4.6,309,,31.0
2.3,1.883045213467496,34.172354799999994,-118.45681599999999,My Fish Stop,,4.4,72,,29.0
0.6,0.33054769529832395,34.187064899999996,-118.45270570000001,Aplus Fast Food Planet,,4.8,5,,8.0
1.0,0.6263169783384167,34.1864891,-118.44921699999999,We Want Tacos Cafe,,3.9,20,,12.0
2.0,1.23839155960511,34.1825032,-118.46588919999999,Fatburger,2.0,4.3,617,,25.0
1.6,1.0781116533367074,34.187446,-118.466683,Subway,1.0,4.0,130,,20.0
1.7,1.3828506456900873,34.2000404,-118.44772150000001,Ayce Gogi,2.0,4.5,991,,22.0
3.4,2.6213765979946,34.200922399999996,-118.430411,NORMS Restaurant,1.0,4.2,4418,,43.0
2.2,1.8840041888979535,34.205188899999996,-118.44826850000001,Pizza Man,,4.4,91,,28.0
1.4,1.0848726827492323,34.19315039999999,-118.465966,Wingstop,2.0,3.9,464,,18.0
2.5,1.936509088026572,34.1718555,-118.45653109999999,Bamboo Forest Chinese Restaurant,1.0,4.3,93,,31.0
1.6,1.2145093478537723,34.19422100000001,-118.4669108,Restaurant Nosotros Los Pobres,,4.4,7,,20.0
3.4,2.3837454790954555,34.179265,-118.43222079999998,Barone's,2.0,4.4,702,,42.0
1.5,1.3628193145725545,34.201392,-118.457035,Socorro's Restaurant,1.0,4.1,448,,19.0
2.4,1.8820232058675783,34.1723402,-118.45641090000002,Napoli's Pizza Kitchen,2.0,4.6,142,,29.0
2.2,1.8732319377719584,34.205085,-118.4482652,O K Chinese Restaurant,1.0,4.4,356,,29.0
1.6,1.1077617110851148,34.1861283,-118.46660609999999,Jack in the Box,1.0,4.0,587,,20.0
2.5,1.8043994594026316,34.201664,-118.4677751,Poke Rainbow,,4.7,169,,32.0
1.1,0.7321176844341689,34.186525200000005,-118.44790829999998,El Rincon Salvadoreno Restaurant,,3.7,3,,14.0
2.3,1.9596128286252157,34.1944455,-118.47551570000002,La Piedad Mexican Restaurant,,4.4,61,,30.0
2.5,1.8532660637332945,34.2018963,-118.4682655,Kinnara Thai,2.0,4.3,231,,33.0
2.3,1.9578639319145588,34.194375,-118.475522,Meson Criollo Restaurant,2.0,4.3,552,,30.0
2.8,2.1071995982258587,34.1711293,-118.4483962,Four 'n 20 Restaurant Grill,2.0,4.3,396,,34.0
1.3,0.7775235683574814,33.9755278,-117.8381449,Pho Hana Restaurant,1.0,4.4,100,15.0,
1.3,0.7318820333510849,33.97596970000001,-117.8378909,Tea Rush,1.0,4.3,31,15.0,
1.3,0.7888054283490816,33.9754168,-117.8382473,Curry India Bistro,2.0,4.3,232,15.0,
1.5,0.8798970227068875,33.974638,-117.8377797,Young Dong Tofu House,2.0,4.4,147,17.0,
3.4,2.1759174789152134,33.9975581,-117.85412659999999,Mr Poke,,4.7,160,40.0,
4.1,3.5430426048357213,34.0026619,-117.80935330000001,King Bap,1.0,4.7,95,52.0,
4.5,2.9791087461953447,33.9856424,-117.87117279999998,Casa Alvarez,2.0,4.5,322,55.0,
2.9,2.328102951293568,34.0026394,-117.84589129999999,Farmer Boys,2.0,4.3,699,34.0,
2.6,2.0439580783858617,34.000498,-117.843455,In-N-Out Burger,1.0,4.5,821,30.0,
1.5,0.8798970227068875,33.974638,-117.8377797,Flame Broiler,1.0,3.8,25,17.0,
2.7,2.01295033167469,34.000421700000004,-117.8419622,Mansun Japanese Restaurant,2.0,4.3,192,31.0,
2.5,1.9851424606473675,34.000021399999994,-117.843069,Jasmine Mediterranean & Persian Cuisine,2.0,4.3,368,29.0,
4.7,3.0673274368539527,34.0061091,-117.821928,Chili's Grill & Bar,2.0,4.2,715,58.0,
4.4,2.9894633652857348,33.9883074,-117.8707402,OoToro Sushi Japanese Restaurant,4.0,4.5,215,53.0,
3.7,2.8380386816160628,33.9971904,-117.8139362,Rolling Spicy Kimchi,1.0,4.5,66,46.0,
1.5,0.8954570834949281,33.9744705,-117.8380384,Kokio Chicken,,3.7,87,17.0,
3.5,2.188313049437748,33.997275,-117.854735,BBQ STOP,2.0,4.5,502,41.0,
3.6,2.2348400924794105,33.9974777,-117.85522040000001,Myung Dong Tofu Restaurant,2.0,4.3,147,42.0,
3.8,3.2642601633011066,33.9999485,-117.8106364,Mr. G's Pizza - Diamond Bar,1.0,4.7,290,48.0,
2.7,2.020008118860166,33.9995727,-117.8464969,Jack in the Box,1.0,3.9,352,31.0,
2.6,1.9479968314377265,33.999234799999996,-117.84524540000001,Del Taco,1.0,4.0,333,29.0,
3.8,3.0933082270523444,33.9998535,-117.81288789999999,Wok Restaurant,1.0,4.4,60,47.0,
4.1,3.469680320289611,34.00150670000001,-117.8092633,Kyala Sushi & Japanese Cuisine,2.0,4.4,99,51.0,
2.5,1.8609521058265763,33.998389,-117.8453413,IL Poom,2.0,4.1,120,29.0,
5.6,3.673907637234002,34.0051489,-117.8680761,Mikasa Restaurant,1.0,4.6,318,1.0,
1.4,0.8617336198154714,33.9747269,-117.83917690000001,Melt Ice and Teppan Bar,,3.7,12,16.0,
2.6,1.9397552253544643,33.9990273,-117.84573619999999,Barro's Pizza,2.0,4.3,328,29.0,
0.6,0.5394097789008009,33.9845005,-117.84440520000001,China Tasty & BBQ,,3.8,22,8.0,
6.2,4.744014140675813,34.018097600000004,-117.81076599999999,Mandarin Taste,2.0,4.5,185,1.0,
2.4,1.8297828863143168,33.9983566,-117.8442906,Baek Oak Korean & Japanese Restaurant,,3.8,8,27.0,
3.8,3.2500684448429213,34.0,-117.8108746,Old Chengdu Restaurant 老成都川菜馆,2.0,4.1,168,47.0,
5.9,4.8545886503367415,34.026067499999996,-117.83616979999998,Chick-fil-A,1.0,4.6,1087,1.0,
4.5,3.1313097562200856,33.9867472,-117.87265729999999,Shabu Haru,2.0,4.4,91,55.0,
1.4,0.7536944294300358,33.9757513,-117.8380672,Tasty Box BBQ,,4.5,41,15.0,
1.4,0.8785620906302499,33.974576299999995,-117.83924669999999,Awoolim Kimbap Factory,,4.4,10,16.0,
5.9,4.989133604382865,34.0273149,-117.83711979999998,Rubio's Coastal Grill,1.0,4.4,201,1.0,
6.3,4.891898477622952,34.0194919,-117.8104091,Dilliwala Indian Kitchen,2.0,4.5,227,1.0,
5.6,3.84405641417206,34.0157032,-117.85060039999999,Los Amigos Restaurant,1.0,4.3,185,1.0,
4.7,3.651922807780828,34.010838299999996,-117.8590625,Walnut Tree Restaurant,1.0,4.3,159,55.0,
1.5,0.896183950066526,33.97442410000001,-117.839504,Munchies in Hmart,,5.0,1,17.0,
1.3,0.7477905965170539,33.9758137,-117.83798610000001,Cafe 101,,4.2,44,14.0,
4.4,3.0047081452506053,33.98758249999999,-117.87109009999999,Ong Ga Nae Korean Barbeque,2.0,4.3,294,53.0,
4.7,3.6819840609127437,34.0110099,-117.85935420000001,Paradise Pizza,1.0,4.1,21,56.0,
4.7,3.6051052251481916,34.01007999999999,-117.8596,WaBa Grill,1.0,4.4,103,55.0,
3.8,3.2515084081577776,33.9999805,-117.8108375,El Pollo Loco,1.0,4.3,306,47.0,
2.3,1.8124433465615717,33.998309000000006,-117.8437605,Pounder,,4.4,33,26.0,
7.2,4.935886983394696,33.9953029,-117.8903412,Pho Rowland Vietnamese Restaurant,1.0,4.5,192,1.0,
5.5,3.3469933199286603,33.9969922,-117.8708912,Carl's Jr.,1.0,3.9,484,1.0,
7.4,5.965644066209072,33.9894008,-117.9032506,Little Shanghai Restaurant,1.0,4.4,71,1.0,
7.2,4.9071586605465125,33.995686,-117.88987309999999,The Boiling Crab,2.0,4.6,1960,1.0,
3.6,2.2212487021461573,33.9973655,-117.8551506,Double O Restaurant,,3.8,6,42.0,
4.3,3.4009123097146534,34.0025807,-117.8112888,Cho Dang Tofu Restaurant,2.0,4.3,99,54.0,
2.5,1.8609521058265763,33.998389,-117.8453413,S&J Gran cafe,,4.8,21,29.0,
3.9,3.300371140200495,33.999712,-117.8099449,Diamond Palace Cuisine of India,2.0,4.3,248,48.0,
7.3,4.8632818058717575,33.9947623,-117.8897133,Sun Nong Dan,2.0,4.3,465,1.0,
7.7,5.218313739007604,34.0094208,-117.8854334,Pizza Supreme,2.0,4.5,320,1.0,
6.3,5.01496945367251,34.0208776,-117.8105588,Chipotle Mexican Grill,1.0,4.2,121,1.0,
6.5,5.045885752081374,34.021818599999996,-117.8118101,Diamond Palace Chinese Seafood,2.0,4.2,377,1.0,
6.2,4.7914486225246735,34.018536499999996,-117.81063470000001,Seasons Cafe,1.0,4.4,58,1.0,
7.3,5.9554562207583555,33.9884943,-117.90327190000001,Happy Family Restaurant,1.0,4.3,125,1.0,
1.1,1.047635430022008,33.838081,-118.364483,Scardino's Italian Restaurant,2.0,4.5,408,,14.0
1.4,1.1602577731438275,33.8384087,-118.36135790000002,Aliotta's Via Firenze,2.0,4.6,182,,18.0
0.7,0.7159938942533493,33.8492801,-118.36174229999999,Bonello's New York Pizza,1.0,4.7,220,,9.0
2.6,2.075805638741692,33.853029799999995,-118.3900551,Kirari West Bake Shop,2.0,4.8,232,,33.0
2.2,1.5981275584849148,33.8366477,-118.356591,Elephant Bar Restaurant,2.0,4.1,563,,27.0
2.4,1.8115699037626056,33.834595,-118.355841,Benihana,3.0,4.3,1479,,29.0
1.1,1.0372983394916342,33.837804999999996,-118.36575800000001,La Zeez Pita Grill,2.0,4.4,251,,14.0
2.1,1.6352492970187549,33.837859,-118.35479099999999,The Habit Burger Grill,1.0,4.5,792,,25.0
0.7,0.6522154718924235,33.849316400000006,-118.36252009999998,Steve's Charburger,1.0,4.2,373,,9.0
2.3,1.8845491195376662,33.843408600000004,-118.38888159999999,The Standing Room Restaurant,2.0,4.6,325,,29.0
1.3,1.016795591595234,33.8389727,-118.3631207,Tom's Tacos,1.0,4.4,195,,16.0
2.7,2.169683071404633,33.8610755,-118.3529064,NORMS Restaurant,1.0,4.3,3319,,34.0
1.5,1.1105326036722605,33.838556,-118.375727,Taishi Hainan Chicken,1.0,4.6,192,,19.0
1.1,1.083318029224568,33.837132700000005,-118.37063130000001,Wendy's,1.0,4.1,562,,14.0
2.7,2.0950636546212484,33.8333842,-118.38484879999999,Dominique's Kitchen,2.0,4.7,263,,34.0
3.3,2.4851876390944363,33.8334999,-118.3472247,Lazy Dog Restaurant & Bar,2.0,4.4,1285,,42.0
2.7,2.1996081474302542,33.843395,-118.39234909999999,Captain Kidd's Fish Market & Restaurant,2.0,4.5,1484,,33.0
2.8,2.2431747001479687,33.833350200000005,-118.3507414,Din Tai Fung,2.0,4.6,1125,,35.0
1.4,1.1980891835715737,33.8377784,-118.361725,Brazilian Plate House,,4.5,218,,18.0
3.1,2.4358876543753603,33.8588234,-118.39090320000001,Barans 2239,3.0,4.7,163,,40.0
2.1,1.2959325057759052,33.85412279999999,-118.37976409999999,Miyoda Restaurant,2.0,4.6,126,,26.0
1.4,1.1952631800507452,33.838039,-118.361324,Thai Rama Restaurant,1.0,4.3,191,,18.0
2.5,1.898502256535532,33.8360921,-118.3849239,Sushi Chitose,2.0,4.7,118,,31.0
1.6,1.4693909433139598,33.8488601,-118.3531699,In-N-Out Burger,1.0,4.6,3300,,21.0
2.9,2.281927500309436,33.832798,-118.350779,Luna Grill,2.0,4.4,192,,36.0
3.1,2.413009759978892,33.8472645,-118.39500190000001,Sea Level Restaurant and Lounge,,4.6,306,,38.0
2.2,1.7261413447799443,33.8383995,-118.3531366,Seafood Port Chinese Restaurant,1.0,4.2,813,,27.0
2.1,1.6865126916837374,33.839339100000004,-118.35295790000002,Ojiya Torrance Izakaya Restaurant,1.0,4.5,102,,26.0
2.9,2.2941016503947926,33.83281289999999,-118.35058300000001,Lemonade,2.0,4.3,231,,36.0
2.8,2.1979500597006987,33.8335115,-118.351225,Brio Coastal Bar and Kitchen,2.0,4.4,619,,35.0
1.5,1.3175631164358124,33.858553,-118.37033899999999,Pancho's Taco,1.0,4.1,140,,19.0
1.7,1.522918519719019,33.8500951,-118.3528837,The Flame Broiler,1.0,4.2,187,,21.0
2.2,1.686195810406532,33.835714,-118.356379,Souplantation,1.0,4.2,1112,,28.0
2.1,1.648152118387547,33.8385265,-118.3540456,Spires Restaurant,1.0,4.3,441,,25.0
2.2,1.7416475481685274,33.8388883,-118.3851794,Lupita's Mexican Restaurant,2.0,4.0,185,,28.0
2.7,2.1127804845101164,33.837157299999994,-118.34914429999999,Wahoo's Fish Taco,1.0,4.5,355,,33.0
2.5,1.8425180696501404,33.8467203,-118.3888312,Dickeys Barbecue Pit,2.0,4.1,180,,31.0
2.3,1.828422737628816,33.837917499999996,-118.3855668,Cozy Cafe,1.0,4.8,138,,29.0
3.1,2.3939234757154786,33.829758700000006,-118.35298759999999,Chick-fil-A,1.0,4.6,1688,,39.0
2.2,1.6392363961017289,33.836236,-118.35645829999999,Red Lobster,2.0,4.2,1085,,27.0
1.6,1.2548810441099325,33.8387191,-118.37840659999999,Hoka Hoka Sushi,2.0,4.6,255,,21.0
3.0,2.2359583104871112,33.8407115,-118.3919672,"Kincaid's Fish, Chop & Steakhouse",3.0,4.4,840,,38.0
2.0,1.6514164292103333,33.839794399999995,-118.35309129999999,Inaba Japanese Restaurant,2.0,4.4,115,,25.0
3.1,2.4202553630753063,33.8468486,-118.39508700000002,The Cheesecake Factory,2.0,4.4,3248,,39.0
2.4,1.8429410613536632,33.8359417,-118.35376880000001,Tender Greens,2.0,4.3,457,,30.0
2.2,1.7058754607387865,33.8367117,-118.35492909999999,Poke Bar,,4.5,151,,27.0
2.6,2.0793196430333007,33.853282899999996,-118.38998470000001,Malibu Eatery,1.0,4.5,182,,33.0
3.5,2.813732722340209,33.854807,-118.39777,The Spot Natural Food Restaurant,2.0,4.5,265,,44.0
2.6,2.1208866936987856,33.8408379,-118.3907074,Quality Seafood,2.0,4.5,1478,,34.0
3.3,2.5388362905230246,33.848582,-118.3962844,Bluewater Grill,2.0,4.4,1211,,41.0
3.0,2.390848035098106,33.830306799999995,-118.38553629999998,Thai Dishes Restaurant,1.0,4.5,121,,38.0
1.1,1.0357696583034213,33.838063,-118.36488229999999,Moo's Restaurant,2.0,4.0,97,,14.0
3.7,2.8896750587452966,33.869132799999996,-118.3529465,Islands Restaurant,2.0,4.4,1061,,47.0
3.2,2.4667804648638856,33.8291552,-118.35263810000001,Chili's Grill & Bar,2.0,4.2,1154,,40.0
3.4,2.9237510709586467,33.8729906,-118.3665828,Brogino's,2.0,4.4,189,,43.0
3.0,2.3365810967086555,33.8573727,-118.39072279999999,Rosa's Restaurant,1.0,4.5,191,,38.0
2.6,1.8974385854502496,33.8481122,-118.3893621,Smashburger,2.0,4.2,202,,33.0
2.9,2.251577477193304,33.832810200000004,-118.3512162,Lucille's Smokehouse Bar-B-Que,2.0,4.4,1408,,36.0
2.6,2.188662514904122,33.842631,-118.39205,R/10 Social House,2.0,4.3,485,,33.0
2.7,2.1187806057847083,33.8334875,-118.38533329999999,Ragin Cajun Cafe,2.0,4.3,869,,34.0
0.5,0.2596851533232764,34.0806794,-118.0915095,Boston Lobster Seafood Restaurant,2.0,4.4,673,,6.0
0.9,0.7493451559393276,34.0762954,-118.09093429999999,Babita Mexicuisine,2.0,4.5,73,,11.0
1.1,0.7824134331099297,34.07977890000001,-118.0844929,Shin-Sen-Gumi Restaurant,1.0,4.6,919,,13.0
0.6,0.3885673425881852,34.08040220000001,-118.08920220000002,Petrillo's Pizza,2.0,4.4,1105,,7.0
1.6,1.0289760034903843,34.080230799999995,-118.1027377,Chang'an Restaurant,2.0,4.2,195,,20.0
1.1,0.8886183379497887,34.090734600000005,-118.08978700000002,Tia Gladys Mexican Restaurant,2.0,4.3,269,,14.0
1.2,0.704682395379567,34.080101500000005,-118.0988887,Jazz Cat Restaurant,2.0,4.4,391,,15.0
0.9,0.7716900196868991,34.089804,-118.09061329999999,Pho Hai Kieu,1.0,4.2,48,,11.0
1.0,0.5122984974909299,34.0802837,-118.09658529999999,Quan Ngon Nha Trang Restaurant,,4.1,82,,12.0
0.3,0.25737832538835953,34.081144200000004,-118.0903459,Taco Bell,1.0,4.2,418,,4.0
0.7,0.3983300872824008,34.07948820000001,-118.0930873,Lu's Garden,1.0,3.9,334,,9.0
1.6,1.0630456434853504,34.0783836,-118.1021935,Spicy City,1.0,4.2,154,,20.0
0.7,0.3740057219464264,34.07979829999999,-118.09342040000001,Hunan Chilli King,,3.8,186,,8.0
2.1,1.7983405257595784,34.0809981,-118.07268390000002,Di Pilla's Italian Restaurant,2.0,4.6,481,,26.0
0.7,0.28704387244854623,34.0804601,-118.0927989,Yoshino Sushi,2.0,4.0,240,,8.0
0.7,0.3272322439529278,34.080220000000004,-118.0933335,ZAZA Noodle,,4.0,24,,8.0
0.4,0.2856299182517486,34.08081810000001,-118.0903697,Restaurant,,0.0,0,,5.0
1.1,0.5306338716176805,34.080372100000005,-118.09689909999999,Opal Chinese Cuisine,,4.2,19,,14.0
0.8,0.3924612260210162,34.07963710000001,-118.093471,Hibiscus Tree,,4.3,23,,9.0
0.6,0.4202804345302864,34.0800555,-118.0891581,Sg Xiao May Restaurant,,4.3,6,,7.0
0.9,0.7329827086752578,34.0802559,-118.0848117,Ji Rong Peking Duck,2.0,4.4,483,,12.0
1.0,0.6818558448163755,34.08119779999999,-118.084977,Golden Soup,1.0,4.0,271,,13.0
0.7,0.2955272309025971,34.08045739999999,-118.09311459999999,Spicy Charm,,3.2,21,,8.0
1.4,1.2983352387576674,34.0946311,-118.0913727,Uncle Yu's Indian Theme Restaurant,2.0,4.2,202,,18.0
1.1,0.6079975440320436,34.0799933,-118.09760370000001,Floral Restaurant,,2.9,8,,13.0
1.1,0.9379561214282504,34.0746663,-118.090267,Carl's Jr.,1.0,4.0,419,,13.0
0.7,0.3968068663083219,34.079968900000004,-118.0897321,818 Shaokao,,1.5,2,,8.0
0.8,0.7064380024987463,34.0766834,-118.0909497,The Better Food,,4.4,7,,10.0
0.9,0.7062610597100593,34.0801436,-118.085197,Mr.Dong,,3.8,13,,11.0
2.8,2.06809527000561,34.074389700000005,-118.0721419,The Habit Burger Grill,1.0,4.6,468,,35.0
0.7,0.3947798555507847,34.080006,-118.0897037,Jue Wei Kitchen,,3.8,24,,8.0
3.0,2.216876726741289,34.072975,-118.07123759999999,TGI Fridays,2.0,4.1,985,,37.0
2.2,1.5954239221097828,34.077622600000005,-118.1081408,Omar Halal Restaurant,2.0,4.2,143,,28.0
1.1,0.8757661835323571,34.07961629999999,-118.0834606,New Century Lobster (港味鮮),,4.0,80,,14.0
1.6,1.1005871499144353,34.0793186,-118.10317309999999,Boiling Point,2.0,4.0,517,,20.0
2.4,1.7971752106791985,34.0795014,-118.11112479999998,Wendy's,1.0,4.2,703,,30.0
0.9,0.4964893927943153,34.079714,-118.0957554,Ching Chang Wing Wang,,5.0,3,,11.0
3.0,2.2411795552955107,34.07299940000001,-118.07091640000002,The Boiling Crab,2.0,4.6,1050,,38.0
2.1,1.7582883815503314,34.083960600000005,-118.0730105,In-N-Out Burger,1.0,4.6,1648,,26.0
0.7,0.4845838939677957,34.0786202,-118.0917242,Yum Cha Cafe,,2.8,10,,8.0
2.8,2.138300454614112,34.074738399999994,-118.07108190000001,Rose City Pizza,2.0,4.6,574,,35.0
1.1,0.6738851015833531,34.0814085,-118.0849947,Street Party,,4.2,10,,13.0
0.7,0.4122208022457329,34.079278,-118.092483,Ye Mei Restaurant,1.0,3.6,43,,8.0
1.2,0.964698277943377,34.0797067,-118.0823591,Bay Island Cafe,1.0,4.2,340,,15.0
2.9,2.347686745670192,34.103223,-118.08486599999999,Chanos Drive-In,1.0,4.5,397,,37.0
1.0,0.7605762111837401,34.080181700000004,-118.08452350000002,Com Tam Kieu (Cơm Tấm Kiều),,4.2,118,,13.0
2.9,2.6216644069144057,34.081540600000004,-118.0636507,JTYH Restaurant,1.0,4.4,91,,37.0
2.7,2.052536703732737,34.074589200000005,-118.07220790000001,Chipotle Mexican Grill,1.0,4.2,231,,34.0
0.5,0.296418700193876,34.0803399,-118.09153329999998,Popeyes Louisiana Kitchen,1.0,4.0,397,,6.0
4.3,2.935504741924088,34.0623865,-118.11202320000001,Nha Trang Kitchen Restaurant,1.0,4.5,102,,54.0
1.7,1.157991524818487,34.080236299999996,-118.10419830000001,J & J Restaurant,,4.6,17,,22.0
3.5,2.859925462355999,34.102856700000004,-118.11175929999999,Golden Deli Restaurant,1.0,4.6,585,,45.0
1.8,1.2789792195079068,34.0796474,-118.10536090000002,Pho Nguyen Hoang Restaurant,1.0,4.0,112,,23.0
1.6,1.0530968138049448,34.078555200000004,-118.1021821,Garage Restaurant,,3.0,22,,20.0
1.4,1.26401034717641,34.094320700000004,-118.09134170000002,Com Tam Kieu Restaurant,1.0,4.3,171,,18.0
3.1,2.4065486767258792,34.1021881,-118.10408170000001,Vietnam Restaurant,1.0,4.6,99,,40.0
2.2,1.6734285723999796,34.07886,-118.10954509999999,101 Noodle Express,1.0,4.1,667,,28.0
2.2,1.853333722037894,34.0812138,-118.07205309999999,Carl's Jr.,1.0,4.2,354,,27.0
1.0,0.7491495995555454,34.0799175,-118.08481299999998,海珍大酒樓 888 seafood restaurant,2.0,4.1,143,,13.0
1.6,1.0246882474064158,34.0801992,-118.102677,Jessie Xiao Lan Liang Restaurant,,0.0,0,,20.0
0.8,0.7896160274548268,35.755069299999995,-79.16542779999999,The Root Cellar Cafe & Catering,,4.1,327,,10.0
,1.724107212712185,35.74389179999999,-79.1634444,Compadres Tequila Lounge,2.0,4.4,345,,
,1.3691536563820534,35.7460405,-79.1666797,Waffle House,1.0,4.0,307,,
,3.326833019119759,35.7269732,-79.1751797,Pickle Jar Cafe,,4.3,206,,
,3.8197422180266534,35.7226016,-79.1767691,Elizabeth's Pizza & Italian Restaurant,1.0,4.5,379,,
,1.557313678657675,35.7443238,-79.16623129999999,New Japan,1.0,3.9,301,,
0.7,0.7300951376130521,35.7549179,-79.1661675,Bojangles' Famous Chicken 'n Biscuits,1.0,4.1,569,,9.0
0.9,0.8711940259127232,35.7551503,-79.164473,Mi Cancun,,4.4,224,,10.0
,1.5067614825866888,35.7444922,-79.1671068,McDonald's,1.0,3.7,600,,
,1.3441389556899026,35.745669299999996,-79.168301,Subway,1.0,3.8,22,,
,4.041370399350447,35.72053,-79.173548,Small B&B Cafe,,4.8,197,,
,4.278163857035083,35.720150700000005,-79.15975300000002,Hwy 55 Burgers Shakes & Fries,1.0,4.4,317,,
,4.072492884860937,35.7207316,-79.18119159999998,Angelina's Kitchen,1.0,4.6,105,,
,4.395657039781426,35.7188662,-79.1605012,Greek Kouzina,,4.4,226,,
,3.9569379650040766,35.721483500000005,-79.17847739999998,Postal Fish Company,2.0,4.6,245,,
,3.9479129232837145,35.721491,-79.17750799999999,S & T's Soda Shoppe,1.0,4.7,659,,
,1.6826042541740192,35.743595,-79.1649503,Papa John's Pizza,1.0,3.8,65,,
,4.150195604167342,35.719713,-79.1696016,Michocan Mexican Food Truck,1.0,4.7,95,,
,1.3824006145144692,35.74585709999999,-79.1667921,Taco Bell,1.0,3.5,101,,
,4.268916598231498,35.7186729,-79.178595,John's Italian Pizza Restaurant,1.0,4.3,222,,
,4.352851423448554,35.7182135,-79.16631699999998,San Felipe Mexican Restaurante,1.0,4.3,277,,
,4.941329510835665,35.7824719,-79.1291213,Allen & Son Bar-B-Que,1.0,4.6,506,,
,4.0940508390959,35.7202057,-79.1779887,Pittsboro Roadhouse,2.0,4.2,488,,
,1.635838427710276,35.743852000000004,-79.1654564,Carolina Brewery & Grill,2.0,4.1,300,,
,3.9946573503707685,35.7210302,-79.1768646,Virlie's Grill,1.0,4.6,625,,
,1.3864936903455178,35.7458641,-79.1666785,KFC,1.0,3.4,89,,
,5.388725636663875,35.710559100000005,-79.1563171,Copeland Springs Farm & Kitchen,,4.9,28,,
,4.232775962037723,35.720377299999996,-79.18721959999998,Al's Diner,1.0,4.4,489,,
,3.9408924696734084,35.721546999999994,-79.1773973,The City Tap,1.0,4.5,273,,
0.8,0.8201239838173192,35.755171000000004,-79.165048,Marco's Pizza,1.0,3.6,27,,10.0
,4.278489624570517,35.71850269999999,-79.17741109999999,Simmons Hospitality School,,0.0,0,,
,4.118440626173341,35.719860100000005,-79.1755429,Hardee's,1.0,3.7,302,,
,4.161560694268268,35.7196085,-79.17815619999998,The Modern Life Deli and Drinks,2.0,4.5,295,,
,8.837737197811391,35.8010823,-79.09247629999999,The Fearrington House Restaurant,4.0,4.6,89,,
,8.87696902016474,35.8004612,-79.09144979999998,Roost Beer Garden,2.0,4.3,65,,
,10.662415797136527,35.82159910000001,-79.0866733,Town Hall Burger and Beer,2.0,4.5,358,,
,10.63975407800492,35.821283,-79.086658,Breakaway Cafe,2.0,4.4,295,,
,12.6638085119405,35.8474539,-79.08877269999998,Guanajuato Mexican Restaurant,1.0,4.3,392,,
,6.694490077852611,35.816168,-79.16103100000001,Pig In the Pen,,4.8,4,,
,11.552653124311426,35.836214700000006,-79.09119270000001,Moon Asian Bistro,2.0,4.2,228,,
,4.268352246521673,35.7189167,-79.1668401,Subway,1.0,4.1,30,,
,4.3172526836815885,35.7184865,-79.1667214,China Inn Restaurant,,3.5,53,,
,11.552468494300804,35.8357497,-79.09052270000001,Taco Bell,1.0,3.8,232,,
,12.37517363203737,35.8444831,-79.08926819999998,Village Pizza & Pasta,,4.2,93,,
,17.235708031350768,35.8539969,-79.02493670000001,Tarantini Italian Restaurant,2.0,4.5,209,,
,19.444022753257325,35.910562,-79.07100600000001,Spotted Dog Restaurant & Bar,2.0,4.3,431,,
,8.927232523454624,35.801071,-79.09127600000001,The Belted Goat,2.0,4.3,179,,
,19.495086753298022,35.91027090000001,-79.0691725,Oakleaf,3.0,4.7,238,,
,18.442759765682602,35.9224565,-79.1857064,Fiesta Grill Restaurant,1.0,4.7,443,,
,16.96784435667644,35.8817398,-79.06571749999998,The Town Hall Grill,2.0,4.3,273,,
,12.577105597589698,35.84727120000001,-79.090068,McDonald's,1.0,3.8,418,,
,19.82525441913684,35.910674900000004,-79.06264940000001,Talullas,,4.6,260,,
,16.977759734046312,35.881983,-79.06595360000001,Rasa Malaysia,2.0,4.4,189,,
,4.0044548815023955,35.720974600000005,-79.1774136,Blue Dot Coffee,1.0,4.4,146,,
,19.81797602536652,35.910441,-79.06231799999998,Lantern,3.0,4.5,313,,
,19.42587882413373,35.91035479999999,-79.0709573,Acme Food & Beverage Co,3.0,4.4,503,,
,12.650640373373394,35.8474857,-79.08906540000001,Subway Restaurants,1.0,3.9,26,,
,20.380280452713173,35.912946500000004,-79.05535809999998,Top of the Hill Restaurant & Brewery,2.0,4.3,546,,
,19.94181618237418,35.9063523,-79.05166650000001,Chick-fil-A,1.0,4.2,53,,
,14.249593490070698,35.860825,-79.08148,Subway Restaurants,1.0,2.5,23,,
1.4,1.0852509823877268,44.525837,-88.063312,Karaoke Mexican Restaurant,2.0,4.6,349,,17.0
1.8,1.1085858043094825,44.528462,-88.060192,The Pancake Place,1.0,4.5,1896,,22.0
0.7,0.5877701173996932,44.5222391,-88.05888499999998,Home Town Cafe,1.0,4.3,416,,8.0
2.3,1.6121264181844588,44.5149658,-88.07076119999998,Golden Basket Restaurant,1.0,4.4,849,,29.0
1.2,0.9541641647457446,44.524524299999996,-88.0624941,Chili John's Restaurant,2.0,4.3,248,,14.0
2.0,1.4665825571069844,44.5153531,-88.0689998,Bay Motel & Family Restaurant,,4.5,791,,25.0
1.6,1.3083390520794154,44.5146964,-88.0375071,Taco Town,,4.6,174,,19.0
0.6,0.3464446698759913,44.518046399999996,-88.0490959,Culver's,1.0,4.4,1163,,7.0
0.9,0.7342079377676213,44.522164700000005,-88.0608555,Papa Murphy's Take 'N' Bake Pizza,1.0,4.6,132,,12.0
1.4,1.1046772336455182,44.5150833,-88.040173,Subway Restaurants,1.0,4.0,45,,16.0
3.1,2.312530524337436,44.5064653,-88.073545,Red Lobster,2.0,4.3,1296,,39.0
3.1,2.3023292270153357,44.506267,-88.07311399999998,Margarita's of Green Bay,2.0,4.4,1529,,39.0
3.3,2.5363986489705463,44.519463099999996,-88.0199595,Chefusion,3.0,4.7,281,,41.0
1.8,1.2157156841461216,44.5300198,-88.0592676,Perkins Restaurant & Bakery,2.0,3.6,883,,23.0
1.2,1.1164836527800093,44.523756899999995,-88.06520640000001,Arby's,1.0,3.8,468,,15.0
1.8,1.247365048744748,44.5291013,-88.0618916,Superior Discount Liquors,,4.5,190,,22.0
3.8,3.1169301689489024,44.493318,-88.061948,Sammy's Pizza & Italian Restaurant,2.0,4.5,700,,47.0
2.4,2.277600540633809,44.502245200000004,-88.0651635,Taverne in the Sky,,4.3,190,,31.0
3.6,2.9143698319733264,44.5132889,-88.0165533,Al's Hamburger,1.0,4.5,828,,45.0
3.6,2.743420285491037,44.4960856,-88.05761009999998,Green Bay Distillery,2.0,4.2,884,,45.0
3.4,2.5769141416607524,44.5197162,-88.01943519999998,The Cannery Public Market,2.0,4.3,774,,42.0
4.2,2.9487296930358866,44.5234912,-88.08886690000001,Chili's Grill & Bar,2.0,4.2,989,,52.0
3.3,2.4918362879750933,44.5197255,-88.0205084,Glass Nickel Pizza Co. – Green Bay,2.0,4.4,521,,40.0
3.1,2.4305319916269434,44.51693059999999,-88.02166079999998,Little Tokyo Restaurant,2.0,4.5,296,,38.0
3.6,2.9175191532002818,44.5136771,-88.0163626,Vintage Cantina,2.0,4.5,535,,44.0
3.7,3.0393619884977614,44.514425,-88.014523,Angelina Restaurant,2.0,4.5,381,,46.0
1.7,1.4457300501615509,44.5138239,-88.03621129999998,El Dorado Mexican Restaurant,,4.7,65,,20.0
3.9,3.030543496005563,44.54756649999999,-88.04849300000001,Bay View,1.0,4.5,384,,48.0
2.7,2.0958106815176967,44.5179994,-88.025708,Black Stone Family Restaurant,1.0,4.2,1045,,32.0
2.6,2.056460301990565,44.518253,-88.026164,Taco Burrito Mexico,1.0,4.6,853,,32.0
4.1,2.875442891815492,44.52348749999999,-88.08793670000001,Los Banditos,2.0,4.2,666,,51.0
4.2,3.346331235727641,44.4907947,-88.0593267,Nakashima of Japan,2.0,4.5,651,,52.0
2.9,2.437327401918206,44.5086313,-88.0260098,Bourbon Street Bar,,4.2,64,,36.0
4.4,3.537925785798937,44.515236200000004,-88.00789720000002,Los Arcos Mexican Restaurant,2.0,4.3,125,,55.0
3.3,2.5489464278079392,44.5189966,-88.0198353,Bangkok Garden Restaurant,2.0,3.9,177,,41.0
4.7,3.2567131112738563,44.52353179999999,-88.09276940000001,El Azteca Restaurant,1.0,4.3,302,,58.0
4.7,3.313603555679196,44.5072354,-88.01444690000001,A&W Restaurant,1.0,4.1,316,,58.0
3.7,3.0055064595310976,44.5158673,-88.01455759999997,Koko Sushi Bar & Lounge,2.0,4.2,348,,46.0
4.1,3.408557212030159,44.490874,-88.0633632,Taste Of India,2.0,4.3,425,,51.0
1.4,1.0938542641538809,44.514751000000004,-88.04065000000001,Asian Joy,,4.0,4,,17.0
6.3,4.145105415646115,44.4936733,-88.0155161,Los Magueyes Mexican Restaurant,1.0,4.4,271,,1.0
1.5,1.1267153459501718,44.5198781,-88.0661139,Burger King,1.0,3.5,381,,19.0
1.8,1.231749263506127,44.5296173,-88.0605872,McDonald's,1.0,3.5,1271,,23.0
1.4,1.0874085320355915,44.5259089,-88.063277,Mayflower Restaurant,,4.2,264,,17.0
3.7,2.9371223807810387,44.515814,-88.01544609999998,China Palace Restaurant,1.0,4.0,161,,45.0
3.8,2.8409976911469537,44.5417745,-88.07160499999998,1951 West,2.0,4.1,272,,47.0
3.1,2.323310362458764,44.506443700000005,-88.0737008,Red Lobster,,0.0,0,,39.0
3.2,2.495149959979402,44.5176032,-88.0207013,May’s Egg Rolls,,4.5,106,,39.0
2.6,2.4084772809683885,44.501177399999996,-88.06586109999998,Kroll's West,2.0,4.1,1728,,32.0
5.7,4.89933979982223,44.478530400000004,-88.07106639999998,HuHot Mongolian Grill,2.0,4.5,1285,,1.0
3.6,2.89966755432242,44.495051200000006,-88.06037629999999,Buffalo Wild Wings,2.0,4.0,1055,,44.0
4.8,4.063127856581853,44.485520799999996,-88.06709620000001,IHOP,1.0,3.8,663,,59.0
3.8,3.5126990476244493,44.4925819,-88.07285639999998,Marco's Pizza,1.0,4.5,49,,48.0
3.5,2.7097968267560653,44.519456,-88.017771,Titletown Brewing Company,2.0,4.5,678,,44.0
3.6,2.6845047134789564,44.496295,-88.053124,The Bar - Holmgren Way,2.0,4.1,770,,45.0
5.8,4.431153281812214,44.5593106,-88.0641321,A&W Restaurant,1.0,4.1,317,,1.0
6.1,5.2889329742134095,44.47610299999999,-88.07613300000001,Culver's,1.0,4.4,708,,1.0
3.2,2.4434591295246064,44.5175239,-88.02137320000001,Kavarna Coffeehouse,2.0,4.5,688,,39.0
2.9,2.4185112154099717,44.5150051,-88.02238050000001,White Dog Black Cat Cafe,2.0,4.6,841,,35.0
2.0,1.35659888205848,44.530665,-88.0612194,Subway,1.0,3.9,238,,25.0
